{"cameraMode":{"drawMode":0,"name":"Shaded","section":"Shading Mode"},"sceneLighting":false,"audioPlay":false,"sceneViewState":{"showFog":true,"showMaterialUpdate":false,"showSkybox":false,"showFlares":true,"showImageEffects":true,"showParticleSystems":true},"in2DMode":false,"pivot":{"x":-1.7610000371932984,"y":5.330000400543213,"z":3.2200000286102297},"rotation":{"x":-0.10416396707296372,"y":-0.029242780059576036,"z":0.0030638561584055425,"w":-0.9941304326057434},"size":2.6987454891204836,"orthographic":false}