{"cameraMode":{"drawMode":0,"name":"Shaded","section":"Shading Mode"},"sceneLighting":false,"audioPlay":false,"sceneViewState":{"showFog":true,"showMaterialUpdate":false,"showSkybox":false,"showFlares":true,"showImageEffects":true,"showParticleSystems":true},"in2DMode":false,"pivot":{"x":21.602184295654298,"y":3.1500000953674318,"z":-6.654630661010742},"rotation":{"x":0.13749417662620545,"y":-0.031195351853966714,"z":0.004332460928708315,"w":0.990001916885376},"size":1.4289418458938599,"orthographic":false}