{"cameraMode":{"drawMode":0,"name":"Shaded","section":"Shading Mode"},"sceneLighting":true,"audioPlay":false,"sceneViewState":{"showFog":true,"showMaterialUpdate":false,"showSkybox":true,"showFlares":true,"showImageEffects":true,"showParticleSystems":true},"in2DMode":false,"pivot":{"x":14.352607727050782,"y":19.135684967041017,"z":0.13074302673339845},"rotation":{"x":0.0029999916441738607,"y":0.0014999927952885628,"z":-0.000004499991973716533,"w":0.9999943971633911},"size":22.0,"orthographic":false}