{"cameraMode":{"drawMode":0,"name":"Shaded","section":"Shading Mode"},"sceneLighting":true,"audioPlay":false,"sceneViewState":{"showFog":true,"showMaterialUpdate":false,"showSkybox":true,"showFlares":true,"showImageEffects":true,"showParticleSystems":true},"in2DMode":false,"pivot":{"x":4.095707893371582,"y":4.546178817749023,"z":8.235272407531739},"rotation":{"x":-0.10267726331949234,"y":-0.027756327763199807,"z":0.0028661289252340795,"w":-0.9943299293518066},"size":9.537496566772461,"orthographic":false}