{"cameraMode":{"drawMode":0,"name":"Shaded","section":"Shading Mode"},"sceneLighting":false,"audioPlay":false,"sceneViewState":{"showFog":true,"showMaterialUpdate":false,"showSkybox":false,"showFlares":true,"showImageEffects":true,"showParticleSystems":true},"in2DMode":false,"pivot":{"x":72.48466491699219,"y":303.3581848144531,"z":1.5042724609375},"rotation":{"x":0.0029999916441738607,"y":0.0014999927952885628,"z":-0.000004499991973716533,"w":0.9999943971633911},"size":57.13320541381836,"orthographic":false}