{"cameraMode":{"drawMode":0,"name":"Shaded","section":"Shading Mode"},"sceneLighting":true,"audioPlay":false,"sceneViewState":{"showFog":true,"showMaterialUpdate":false,"showSkybox":true,"showFlares":true,"showImageEffects":true,"showParticleSystems":true},"in2DMode":false,"pivot":{"x":285.2825927734375,"y":193.47311401367188,"z":-16.809783935546876},"rotation":{"x":0.10419704020023346,"y":0.014917943626642228,"z":-0.0015630143461748958,"w":0.9944455623626709},"size":494.4175720214844,"orthographic":true}